fa16.3ee6.e891,Po12,Po128
fa16.3e8f.f60b,Po12,Po147
fa16.3ea6.ccd2,Po12,Po125
fa16.3e5b.000e,Po12,Po125
fa16.3eb4.79f5,Po125,Po128
fa16.3e08.3ef4,Po122,Po125
fa16.3e7d.be0e,Po12,Po122
fa16.3ea1.dcc9,Po12,Po131
fa16.3ef4.149e,Po12,Po125
fa16.3e80.330a,Po12,Po122
fa16.3eb8.dbe6,Po12,Po147
fa16.3eb8.dbe6,Po12,Po147
fa16.3e49.e343,Po128,Po133
fa16.3e4e.8185,Po12,Po133
fa16.3e4e.8185,Po12,Po133
fa16.3e4e.8185,Po12,Po133
fa16.3e4e.8185,Po12,Po133
fa16.3e4e.8185,Po12,Po133
fa16.3e4e.8185,Po12,Po133
fa16.3e4e.8185,Po12,Po133
fa16.3e4e.8185,Po12,Po133
fa16.3e9a.bac1,Po12,Po133
fa16.3e9a.bac1,Po12,Po133
fa16.3e4e.8185,Po12,Po133
fa16.3e9a.bac1,Po12,Po133
fa16.3e4e.8185,Po12,Po133
fa16.3e4e.8185,Po12,Po133
fa16.3e4e.8185,Po12,Po133
fa16.3e4e.8185,Po12,Po133
fa16.3e4e.8185,Po12,Po133
fa16.3e65.6640,Po12,Po133
fa16.3e4e.8185,Po12,Po133
fa16.3e4e.8185,Po12,Po133
fa16.3e06.6f42,Po12,Po133
fa16.3e4e.8185,Po12,Po133
fa16.3e4e.8185,Po12,Po133
fa16.3e4e.8185,Po12,Po133
fa16.3ee6.e891,Po12,Po128
fa16.3e43.8437,Po12,Po125
fa16.3e72.9150,Po12,Po128
fa16.3e71.ee7d,Po12,Po131
fa16.3e2d.5f61,Po12,Po133
fa16.3ebc.b046,Po12,Po147
fa16.3e09.3ff1,Po12,Po125
fa16.3e30.f701,Po12,Po147
fa16.3e16.8553,Po12,Po147
fa16.3e71.ee7d,Po12,Po131
fa16.3eec.e44a,Po12,Po122
fa16.3e4d.37e1,Po12,Po133
fa16.3ef9.a66b,Po12,Po133
fa16.3e29.d775,Po12,Po133
fa16.3e9a.8b64,Po12,Po147
fa16.3e45.2da2,Po12,Po122
fa16.3e45.2da2,Po12,Po122
fa16.3e45.2da2,Po12,Po122
fa16.3e45.2da2,Po12,Po122
fa16.3ef9.a66b,Po12,Po133
fa16.3e45.2da2,Po12,Po122
fa16.3e45.2da2,Po12,Po122
fa16.3e29.d775,Po12,Po133
fa16.3e1d.55d0,Po12,Po122
fa16.3e3f.fb37,Po12,Po147
fa16.3e6b.774a,Po12,Po115
fa16.3e9a.bac1,Po12,Po133
fa16.3e17.0c15,Po12,Po147
fa16.3eca.d805,Po12,Po147
fa16.3e98.e82b,Po12,Po147
fa16.3ef3.8265,Po12,Po128
fa16.3e2f.71bb,Po12,Po122
fa16.3ef3.8265,Po12,Po131
fa16.3e2f.71bb,Po12,Po122
fa16.3eab.d5c1,Po12,Po147
fa16.3ee4.e578,Po12,Po125
fa16.3ef3.8265,Po12,Po131
fa16.3e74.b5a5,Po12,Po131
fa16.3e2f.71bb,Po12,Po122
fa16.3e63.2c8a,Po12,Po147
fa16.3edb.d24e,Po12,Po128
fa16.3ef3.8265,Po12,Po131
fa16.3ec8.75b1,Po12,Po131
fa16.3e74.b5a5,Po12,Po128
fa16.3e5e.c9c2,Po12,Po147
fa16.3e39.b4ee,Po12,Po115
fa16.3e74.b5a5,Po12,Po131
fa16.3e72.9150,Po12,Po128
fa16.3e8f.f60b,Po12,Po147
fa16.3e72.9150,Po12,Po122
fa16.3e2f.71bb,Po12,Po122
fa16.3e2f.71bb,Po12,Po122
fa16.3ec7.810d,Po12,Po131
fa16.3e74.b5a5,Po12,Po128
fa16.3e72.9150,Po12,Po122
fa16.3e63.2c8a,Po12,Po147
fa16.3e2f.71bb,Po12,Po122
fa16.3ede.4e6b,Po12,Po133
fa16.3e47.aeeb,Po12,Po133
fa16.3e2f.71bb,Po12,Po122
fa16.3edb.d24e,Po12,Po128
fa16.3e47.aeeb,Po12,Po133
fa16.3e33.8176,Po12,Po131
fa16.3e72.9150,Po12,Po128
fa16.3e5e.c9c2,Po12,Po147
fa16.3eae.9f48,Po12,Po122
fa16.3e5e.c9c2,Po12,Po147
fa16.3edf.cd0c,Po12,Po122
fa16.3e5e.c9c2,Po12,Po147
fa16.3e5e.c9c2,Po12,Po147
fa16.3edf.a612,Po12,Po122
fa16.3e2f.71bb,Po12,Po122
fa16.3e5e.c9c2,Po12,Po147
fa16.3e2f.71bb,Po12,Po122
fa16.3e5e.c9c2,Po12,Po147
fa16.3e2f.71bb,Po12,Po122
fa16.3e5e.c9c2,Po12,Po147
fa16.3e8c.d304,Po12,Po147
fa16.3e98.e82b,Po12,Po147
fa16.3e5e.c9c2,Po12,Po147
fa16.3e2f.71bb,Po12,Po122
fa16.3e5e.c9c2,Po12,Po147
fa16.3e98.e82b,Po12,Po147
fa16.3e5e.c9c2,Po12,Po147
fa16.3e8f.f60b,Po12,Po147
fa16.3e72.9150,Po12,Po128
fa16.3e5e.c9c2,Po12,Po147
fa16.3eca.6ed0,Po12,Po125
fa16.3e72.9150,Po12,Po128
fa16.3e5e.c9c2,Po12,Po147
fa16.3e5e.c9c2,Po12,Po147
fa16.3e5e.c9c2,Po12,Po147
fa16.3edb.d24e,Po12,Po128
fa16.3eab.d5c1,Po12,Po147
fa16.3edb.d24e,Po12,Po128
fa16.3e5e.c9c2,Po12,Po147
fa16.3ec5.af10,Po12,Po115
fa16.3e4d.832e,Po12,Po125
fa16.3e7f.5a98,Po12,Po125
fa16.3e76.fbf7,Po12,Po131
fa16.3e69.6ebd,Po12,Po128
fa16.3ef9.a66b,Po12,Po133
fa16.3e69.6ebd,Po12,Po128
fa16.3e69.6ebd,Po12,Po128
fa16.3e54.ff97,Po12,Po131
fa16.3e9c.6cbd,Po12,Po131
fa16.3e9c.6cbd,Po12,Po131
fa16.3e9c.6cbd,Po12,Po131
fa16.3ec3.74b7,Po128,Po131
fa16.3e9c.6cbd,Po12,Po131
fa16.3e4e.4621,Po128,Po131
fa16.3e58.1913,Po12,Po131
fa16.3ec7.810d,Po12,Po131
fa16.3e9c.6cbd,Po12,Po131
fa16.3e4e.4621,Po128,Po131
fa16.3e4e.4621,Po128,Po131
fa16.3e9c.6cbd,Po12,Po131
fa16.3e4e.4621,Po128,Po131
fa16.3e9c.6cbd,Po12,Po131
fa16.3e4e.4621,Po128,Po131
fa16.3e9c.6cbd,Po12,Po131
fa16.3e4e.4621,Po128,Po131
fa16.3e9c.6cbd,Po12,Po131
fa16.3e4e.4621,Po128,Po131
fa16.3e9c.6cbd,Po12,Po131
fa16.3e4e.4621,Po128,Po131
fa16.3e9c.6cbd,Po12,Po131
fa16.3e4e.4621,Po128,Po131
fa16.3e9c.6cbd,Po12,Po131
fa16.3e4e.4621,Po128,Po131
fa16.3e9c.6cbd,Po12,Po131
fa16.3e4e.4621,Po128,Po131
fa16.3e9c.6cbd,Po12,Po131
fa16.3e4e.4621,Po128,Po131
fa16.3e9c.6cbd,Po12,Po131
fa16.3e9c.6cbd,Po12,Po131
fa16.3e4e.4621,Po128,Po131
fa16.3e9c.6cbd,Po12,Po131
fa16.3e4e.4621,Po128,Po131
fa16.3e9c.6cbd,Po12,Po131
fa16.3e4e.4621,Po128,Po131
fa16.3e4e.4621,Po128,Po131
fa16.3e9c.6cbd,Po12,Po131
fa16.3e9c.6cbd,Po12,Po131
fa16.3e4e.4621,Po128,Po131
fa16.3e9c.6cbd,Po12,Po131
fa16.3e4e.4621,Po128,Po131
fa16.3e9c.6cbd,Po12,Po131
fa16.3e4e.4621,Po128,Po131
fa16.3e9c.6cbd,Po12,Po131
fa16.3e4e.4621,Po128,Po131
fa16.3e58.1913,Po12,Po131
fa16.3e9c.6cbd,Po12,Po131
fa16.3e58.1913,Po12,Po131
fa16.3e4e.4621,Po128,Po131
fa16.3e9c.6cbd,Po12,Po131
fa16.3e58.1913,Po12,Po131
fa16.3e4e.4621,Po128,Po131
fa16.3e58.1913,Po12,Po131
fa16.3e9c.6cbd,Po12,Po131
fa16.3e4e.4621,Po128,Po131
fa16.3e58.1913,Po12,Po131
fa16.3e58.1913,Po12,Po131
fa16.3e4e.4621,Po128,Po131
fa16.3e9c.6cbd,Po12,Po131
fa16.3e58.1913,Po12,Po131
fa16.3e9c.6cbd,Po12,Po131
fa16.3e58.1913,Po12,Po131
fa16.3e9c.6cbd,Po12,Po131
fa16.3e58.1913,Po12,Po131
fa16.3e4e.4621,Po128,Po131
fa16.3e58.1913,Po12,Po131
fa16.3e9c.6cbd,Po12,Po131
fa16.3e4e.4621,Po128,Po131
fa16.3e9c.6cbd,Po12,Po131
fa16.3e58.1913,Po12,Po131
fa16.3e4e.4621,Po128,Po131
fa16.3e9c.6cbd,Po12,Po131
fa16.3e58.1913,Po12,Po131
fa16.3e4e.4621,Po128,Po131
fa16.3e9c.6cbd,Po12,Po131
fa16.3e58.1913,Po12,Po131
fa16.3e9c.6cbd,Po12,Po131
fa16.3e58.1913,Po12,Po131
fa16.3e9c.6cbd,Po12,Po131
fa16.3e58.1913,Po12,Po131
fa16.3e4e.4621,Po128,Po131
fa16.3e9c.6cbd,Po12,Po131
fa16.3e4e.4621,Po128,Po131
fa16.3ec7.810d,Po12,Po131
fa16.3e58.1913,Po12,Po131
fa16.3e9c.6cbd,Po12,Po131
fa16.3e4e.4621,Po128,Po131
fa16.3ec7.810d,Po12,Po131
fa16.3e58.1913,Po12,Po131
fa16.3e9c.6cbd,Po12,Po131
fa16.3ec7.810d,Po12,Po131
fa16.3e9c.6cbd,Po12,Po131
fa16.3e58.1913,Po12,Po131
fa16.3e4e.4621,Po128,Po131
fa16.3ec7.810d,Po12,Po131
fa16.3e58.1913,Po12,Po131
fa16.3e9c.6cbd,Po12,Po131
fa16.3ec7.810d,Po12,Po131
fa16.3e9c.6cbd,Po12,Po131
fa16.3e58.1913,Po12,Po131
fa16.3e9c.6cbd,Po12,Po131
fa16.3e58.1913,Po12,Po131
fa16.3e4e.4621,Po128,Po131
fa16.3e58.1913,Po12,Po131
fa16.3e9c.6cbd,Po12,Po131
fa16.3e58.1913,Po12,Po131
fa16.3e9c.6cbd,Po12,Po131
fa16.3e4e.4621,Po128,Po131
fa16.3e58.1913,Po12,Po131
fa16.3e9c.6cbd,Po12,Po131
fa16.3e58.1913,Po12,Po131
fa16.3e4e.4621,Po128,Po131
fa16.3e9c.6cbd,Po12,Po131
fa16.3e58.1913,Po12,Po131
fa16.3e4e.4621,Po128,Po131
fa16.3e9c.6cbd,Po12,Po131
fa16.3e58.1913,Po12,Po131
fa16.3e4e.4621,Po128,Po131
fa16.3e9c.6cbd,Po12,Po131
fa16.3e58.1913,Po12,Po131
fa16.3e9c.6cbd,Po12,Po131
fa16.3e4e.4621,Po128,Po131
fa16.3e58.1913,Po12,Po131
fa16.3e9c.6cbd,Po12,Po131
fa16.3e4e.4621,Po128,Po131
fa16.3e58.1913,Po12,Po131
fa16.3e4e.4621,Po128,Po131
fa16.3e9c.6cbd,Po12,Po131
fa16.3e58.1913,Po12,Po131
fa16.3e9c.6cbd,Po12,Po131
fa16.3e4e.4621,Po128,Po131
fa16.3e58.1913,Po12,Po131
fa16.3e9c.6cbd,Po12,Po131
fa16.3e58.1913,Po12,Po131
fa16.3e9c.6cbd,Po12,Po131
fa16.3e58.1913,Po12,Po131
fa16.3e9c.6cbd,Po12,Po131
fa16.3e58.1913,Po12,Po131
fa16.3e58.1913,Po12,Po131
fa16.3e9c.6cbd,Po12,Po131
fa16.3e58.1913,Po12,Po131
fa16.3e9c.6cbd,Po12,Po131
fa16.3e58.1913,Po12,Po131
fa16.3e9c.6cbd,Po12,Po131
fa16.3e58.1913,Po12,Po131
fa16.3e9c.6cbd,Po12,Po131
fa16.3e58.1913,Po12,Po131
fa16.3e58.1913,Po12,Po131
fa16.3ec7.810d,Po12,Po131
fa16.3e58.1913,Po12,Po131
fa16.3e9c.6cbd,Po12,Po131
fa16.3ec7.810d,Po12,Po131
fa16.3e58.1913,Po12,Po131
fa16.3e9c.6cbd,Po12,Po131
fa16.3ec7.810d,Po12,Po131
fa16.3e58.1913,Po12,Po131
fa16.3e7d.aeb8,Po12,Po122
fa16.3e9c.6cbd,Po12,Po131
fa16.3ec7.810d,Po12,Po131
fa16.3e58.1913,Po12,Po131
fa16.3e4e.4621,Po128,Po131
fa16.3e58.1913,Po12,Po131
fa16.3ec7.810d,Po12,Po131
fa16.3e9c.6cbd,Po12,Po131
fa16.3e58.1913,Po12,Po131
fa16.3e9c.6cbd,Po12,Po131
fa16.3e4e.4621,Po128,Po131
fa16.3ec7.810d,Po12,Po131
fa16.3e58.1913,Po12,Po131
fa16.3e9c.6cbd,Po12,Po131
fa16.3ec7.810d,Po12,Po131
fa16.3e9c.6cbd,Po12,Po131
fa16.3e4e.4621,Po128,Po131
fa16.3e58.1913,Po12,Po131
fa16.3e9c.6cbd,Po12,Po131
fa16.3e4e.4621,Po128,Po131
fa16.3e58.1913,Po12,Po131
fa16.3e22.ee33,Po12,Po147
fa16.3e3e.5296,Po12,Po122
fa16.3efa.9d81,Po12,Po133
fa16.3ea9.77e6,Po12,Po133
fa16.3e17.0c15,Po12,Po147
fa16.3e41.9a75,Po12,Po133
fa16.3e41.9a75,Po12,Po133
fa16.3e3e.5296,Po12,Po122
fa16.3eca.d805,Po12,Po147
fa16.3eca.d805,Po12,Po147
fa16.3e41.9a75,Po12,Po133
fa16.3e17.0c15,Po12,Po147
fa16.3e5d.f433,Po12,Po128
fa16.3eb5.555d,Po12,Po115
fa16.3eca.d805,Po131,Po147
fa16.3eca.d805,Po131,Po147
fa16.3e65.b4e5,Po12,Po131
fa16.3eca.d805,Po131,Po147
fa16.3eca.d805,Po131,Po147
fa16.3e7d.aeb8,Po12,Po122
fa16.3e11.97ef,Po12,Po128
fa16.3e65.b4e5,Po12,Po131
fa16.3eca.d805,Po131,Po147
fa16.3e2d.ec37,Po12,Po131
fa16.3e62.2b96,Po12,Po122
fa16.3e17.0c15,Po12,Po147
fa16.3e3a.20ee,Po12,Po131
fa16.3e41.5fae,Po12,Po133
fa16.3ec7.810d,Po12,Po131
fa16.3e17.0c15,Po12,Po147
fa16.3eca.d805,Po12,Po147
fa16.3e17.0c15,Po12,Po147
fa16.3ed7.a2de,Po12,Po122
fa16.3e17.0c15,Po12,Po147
fa16.3ed7.a2de,Po12,Po122
fa16.3e7d.9d55,Po12,Po147
fa16.3e17.0c15,Po12,Po147
fa16.3ec7.810d,Po12,Po131
fa16.3ed7.a2de,Po12,Po122
fa16.3e7d.9d55,Po12,Po147
fa16.3e09.3ff1,Po12,Po125
fa16.3eb2.693a,Po122,Po125
fa16.3e4e.f180,Po12,Po125
fa16.3eca.d805,Po12,Po147
fa16.3ee4.e578,Po12,Po125
fa16.3eb2.693a,Po122,Po125
fa16.3e7d.9d55,Po12,Po147
fa16.3ee4.e578,Po125,Po147
fa16.3eca.d805,Po12,Po147
fa16.3e49.e343,Po12,Po133
fa16.3e7d.9d55,Po12,Po147
fa16.3ee4.e578,Po12,Po125
fa16.3eca.d805,Po12,Po147
fa16.3e49.e343,Po12,Po133
fa16.3e7d.9d55,Po12,Po147
fa16.3ee4.e578,Po12,Po125
fa16.3e49.e343,Po12,Po133
fa16.3ec7.32bb,Po12,Po133
fa16.3e39.964f,Po12,Po133
fa16.3ec7.32bb,Po12,Po133
fa16.3e39.964f,Po12,Po133
fa16.3ec7.32bb,Po12,Po133
fa16.3e39.964f,Po12,Po133
fa16.3ec7.32bb,Po12,Po133
fa16.3ec7.32bb,Po12,Po133
fa16.3e39.964f,Po12,Po133
fa16.3e39.964f,Po12,Po133
fa16.3ec7.32bb,Po12,Po133
fa16.3ec7.32bb,Po12,Po133
fa16.3e39.964f,Po12,Po133
fa16.3ec7.32bb,Po12,Po133
fa16.3e39.964f,Po12,Po133
fa16.3e39.964f,Po12,Po133
fa16.3ec7.32bb,Po12,Po133
fa16.3ec6.cc36,Po12,Po133
fa16.3ec7.32bb,Po12,Po133
fa16.3e39.964f,Po12,Po133
fa16.3e39.964f,Po12,Po133
fa16.3ec7.32bb,Po12,Po133
fa16.3e39.964f,Po12,Po133
fa16.3ec7.32bb,Po12,Po133
fa16.3e39.964f,Po12,Po133
fa16.3ec7.32bb,Po12,Po133
fa16.3ed2.2a7a,Po12,Po122
fa16.3ef9.eeab,Po12,Po128
fa16.3e3c.1bcf,Po128,Po133
fa16.3e3c.1bcf,Po128,Po133
fa16.3e3c.1bcf,Po128,Po133
fa16.3e3c.1bcf,Po128,Po133
fa16.3e3c.1bcf,Po128,Po133
fa16.3e3c.1bcf,Po128,Po133
fa16.3e3c.1bcf,Po128,Po133
fa16.3e3c.1bcf,Po128,Po133
fa16.3e3c.1bcf,Po128,Po133
fa16.3ef3.8265,Po12,Po128
fa16.3ef3.8265,Po12,Po128
fa16.3e3c.1bcf,Po128,Po133
fa16.3e3c.1bcf,Po128,Po133
fa16.3e3c.1bcf,Po128,Po133
fa16.3e3c.1bcf,Po128,Po133
fa16.3ef3.8265,Po12,Po128
fa16.3ef3.8265,Po12,Po128
fa16.3ef3.8265,Po12,Po128
fa16.3ef3.8265,Po12,Po128
fa16.3ef3.8265,Po12,Po128
fa16.3e3c.1bcf,Po128,Po133
fa16.3e3c.1bcf,Po128,Po133
fa16.3e3c.1bcf,Po128,Po133
fa16.3e3c.1bcf,Po128,Po133
fa16.3e3c.1bcf,Po128,Po133
fa16.3e3c.1bcf,Po128,Po133
fa16.3e3c.1bcf,Po128,Po133
fa16.3e3c.1bcf,Po128,Po133
fa16.3e3c.1bcf,Po128,Po133
fa16.3e3c.1bcf,Po128,Po133
fa16.3e3c.1bcf,Po128,Po133
fa16.3e3c.1bcf,Po128,Po133
fa16.3e3c.1bcf,Po128,Po133
fa16.3e3c.1bcf,Po128,Po133
fa16.3e3c.1bcf,Po128,Po133
fa16.3e3c.1bcf,Po128,Po133
fa16.3e3c.1bcf,Po128,Po133
fa16.3e3c.1bcf,Po128,Po133
fa16.3e3c.1bcf,Po128,Po133
fa16.3e3c.1bcf,Po128,Po133
fa16.3ef3.8265,Po12,Po128
fa16.3ef3.8265,Po12,Po128
fa16.3ef3.8265,Po12,Po128
fa16.3e3c.1bcf,Po128,Po133
fa16.3e3c.1bcf,Po128,Po133
fa16.3ef3.8265,Po12,Po128
fa16.3e3c.1bcf,Po128,Po133
fa16.3ef3.8265,Po12,Po128
fa16.3ef3.8265,Po12,Po128
fa16.3ef3.8265,Po12,Po128
fa16.3e3c.1bcf,Po128,Po133
fa16.3e3c.1bcf,Po128,Po133
fa16.3e3c.1bcf,Po128,Po133
fa16.3e3c.1bcf,Po128,Po133
fa16.3e3c.1bcf,Po128,Po133
fa16.3e3c.1bcf,Po128,Po133
fa16.3ef3.8265,Po12,Po128
fa16.3ef3.8265,Po12,Po128
fa16.3ef3.8265,Po12,Po128
fa16.3ef3.8265,Po12,Po128
fa16.3ef3.8265,Po12,Po128
fa16.3ef3.8265,Po12,Po128
fa16.3ef3.8265,Po12,Po128
fa16.3ef3.8265,Po12,Po128
fa16.3ef3.8265,Po12,Po128
fa16.3ef3.8265,Po12,Po128
fa16.3ef3.8265,Po12,Po128
fa16.3ef3.8265,Po12,Po128
fa16.3e3c.1bcf,Po128,Po133
fa16.3e3c.1bcf,Po128,Po133
fa16.3e3c.1bcf,Po128,Po133
fa16.3e18.7f75,Po12,Po133
fa16.3e3c.1bcf,Po128,Po133
fa16.3e3c.1bcf,Po128,Po133
fa16.3ee4.5e2a,Po12,Po115
fa16.3e26.f985,Po12,Po147
fa16.3edf.cd0c,Po12,Po143
fa16.3e24.325b,Po12,Po147
fa16.3e4b.4c11,Po12,Po147
fa16.3e7d.9d55,Po12,Po147
fa16.3e98.e82b,Po12,Po147
fa16.3e5c.167b,Po115,Po147
fa16.3e54.ff97,Po12,Po131
fa16.3e2c.ddd7,Po12,Po147
fa16.3e98.e82b,Po12,Po147
fa16.3e43.6ffb,Po12,Po133
fa16.3e98.e82b,Po12,Po147
fa16.3e2c.ddd7,Po12,Po147
fa16.3ec7.810d,Po12,Po131
fa16.3e98.e82b,Po12,Po147
fa16.3e75.5601,Po12,Po131
fa16.3ec7.810d,Po12,Po131
fa16.3e47.aeeb,Po12,Po133
fa16.3e75.5601,Po12,Po131
fa16.3ec7.810d,Po12,Po131
fa16.3e93.1eb9,Po12,Po147
fa16.3ec7.810d,Po12,Po131
fa16.3e75.5601,Po12,Po131
fa16.3e93.1eb9,Po12,Po147
fa16.3e93.1eb9,Po12,Po147
fa16.3e93.1eb9,Po12,Po147
fa16.3e93.1eb9,Po12,Po147
fa16.3e9a.bac1,Po12,Po133
fa16.3ee9.74f0,Po12,Po143
fa16.3ec7.810d,Po12,Po131
fa16.3e39.964f,Po12,Po133
fa16.3ec7.810d,Po12,Po131
fa16.3ea6.8b1b,Po12,Po133
fa16.3e34.82f2,Po12,Po143
fa16.3e12.ff29,Po12,Po133
fa16.3ec7.61da,Po12,Po115
fa16.3ec7.810d,Po12,Po131
fa16.3ea6.8b1b,Po12,Po133
fa16.3e12.ff29,Po12,Po133
fa16.3e9c.d1e5,Po12,Po131
fa16.3e12.ff29,Po12,Po133
fa16.3e9c.d1e5,Po12,Po131
fa16.3e12.ff29,Po12,Po133
fa16.3e99.7513,Po12,Po115
fa16.3e9a.bac1,Po12,Po133
fa16.3e12.ff29,Po12,Po133
fa16.3e9c.d1e5,Po12,Po131
fa16.3ec7.810d,Po12,Po131
fa16.3e12.ff29,Po12,Po133
fa16.3e9c.d1e5,Po12,Po131
fa16.3e99.7513,Po12,Po115
fa16.3e9c.d1e5,Po12,Po131
fa16.3e3c.1bcf,Po12,Po128
fa16.3e3c.1bcf,Po12,Po128
fa16.3e3c.1bcf,Po12,Po128
fa16.3e3c.1bcf,Po12,Po128
fa16.3e3c.1bcf,Po12,Po128
fa16.3e3c.1bcf,Po12,Po128
fa16.3e3c.1bcf,Po12,Po128
fa16.3e3c.1bcf,Po12,Po128
fa16.3e3c.1bcf,Po12,Po128
fa16.3e3c.1bcf,Po12,Po128
fa16.3e3c.1bcf,Po12,Po128
fa16.3e3c.1bcf,Po12,Po128
fa16.3ee2.d6cc,Po125,Po143
fa16.3e38.b21c,Po12,Po143
fa16.3e3c.1bcf,Po12,Po128
fa16.3e3c.1bcf,Po12,Po128
