'fa16.3e18.7f75', 'Po179', 'Po181', '56'
'fa16.3e18.7f75', 'Po179', 'Po181', '56'
'fa16.3e18.7f75', 'Po179', 'Po181', '56'
'fa16.3e18.7f75', 'Po179', 'Po181', '56'
'fa16.3e18.7f75', 'Po179', 'Po181', '56'
'fa16.3e18.7f75', 'Po179', 'Po181', '56'
'fa16.3e18.7f75', 'Po179', 'Po181', '56'
'fa16.3e18.7f75', 'Po179', 'Po181', '56'
'fa16.3e18.7f75', 'Po179', 'Po181', '56'
'fa16.3e18.7f75', 'Po179', 'Po181', '56'
'fa16.3e18.7f75', 'Po179', 'Po181', '56'
'fa16.3e18.7f75', 'Po179', 'Po181', '56'
'fa16.3e18.7f75', 'Po179', 'Po181', '56'
'fa16.3e18.7f75', 'Po179', 'Po181', '56'
'fa16.3e18.7f75', 'Po179', 'Po181', '56'
'fa16.3e18.7f75', 'Po179', 'Po181', '56'
'fa16.3e18.7f75', 'Po179', 'Po181', '56'
'fa16.3e18.7f75', 'Po179', 'Po181', '56'
'fa16.3e18.7f75', 'Po179', 'Po181', '56'
'fa16.3e18.7f75', 'Po179', 'Po181', '56'
'fa16.3e18.7f75', 'Po179', 'Po181', '56'
'fa16.3e18.7f75', 'Po179', 'Po181', '56'
'fa16.3e18.7f75', 'Po179', 'Po181', '56'
'fa16.3e18.7f75', 'Po179', 'Po181', '56'
'fa16.3e18.7f75', 'Po179', 'Po181', '56'
'fa16.3e18.7f75', 'Po179', 'Po181', '56'
'fa16.3e18.7f75', 'Po179', 'Po181', '56'
'fa16.3e18.7f75', 'Po179', 'Po181', '56'
'fa16.3e18.7f75', 'Po179', 'Po181', '56'
'fa16.3e18.7f75', 'Po179', 'Po181', '56'
'fa16.3e18.7f75', 'Po179', 'Po181', '56'
'fa16.3e18.7f75', 'Po179', 'Po181', '56'
'fa16.3e18.7f75', 'Po179', 'Po181', '56'
'fa16.3e18.7f75', 'Po179', 'Po181', '56'
'fa16.3e18.7f75', 'Po179', 'Po181', '56'
'fa16.3e18.7f75', 'Po179', 'Po181', '56'
'fa16.3e18.7f75', 'Po179', 'Po181', '56'
'fa16.3e18.7f75', 'Po179', 'Po181', '56'
'fa16.3e18.7f75', 'Po179', 'Po181', '56'
'fa16.3e18.7f75', 'Po179', 'Po181', '56'
'fa16.3e18.7f75', 'Po179', 'Po181', '56'
'fa16.3e18.7f75', 'Po179', 'Po181', '56'
'fa16.3e18.7f75', 'Po179', 'Po181', '56'
'fa16.3e18.7f75', 'Po179', 'Po181', '56'
'fa16.3e18.7f75', 'Po179', 'Po181', '56'
'fa16.3e18.7f75', 'Po179', 'Po181', '56'
'fa16.3e18.7f75', 'Po179', 'Po181', '56'
'fa16.3e18.7f75', 'Po179', 'Po181', '56'
'fa16.3e18.7f75', 'Po179', 'Po181', '56'
'fa16.3e18.7f75', 'Po179', 'Po181', '56'
'fa16.3e18.7f75', 'Po179', 'Po181', '56'
'fa16.3e18.7f75', 'Po179', 'Po181', '56'
'fa16.3e18.7f75', 'Po179', 'Po181', '56'
'fa16.3e18.7f75', 'Po179', 'Po181', '56'
'fa16.3e18.7f75', 'Po179', 'Po181', '56'
'fa16.3e18.7f75', 'Po179', 'Po181', '56'
'fa16.3e18.7f75', 'Po179', 'Po181', '56'
'fa16.3e18.7f75', 'Po179', 'Po181', '56'
'fa16.3e18.7f75', 'Po179', 'Po181', '56'
'fa16.3e18.7f75', 'Po179', 'Po181', '56'
'fa16.3e18.7f75', 'Po179', 'Po181', '56'
'fa16.3e18.7f75', 'Po179', 'Po181', '56'
'fa16.3e18.7f75', 'Po179', 'Po181', '56'
'fa16.3e18.7f75', 'Po179', 'Po181', '56'
'fa16.3e18.7f75', 'Po179', 'Po181', '56'
'fa16.3e18.7f75', 'Po179', 'Po181', '56'
'fa16.3e18.7f75', 'Po179', 'Po181', '56'
'fa16.3e18.7f75', 'Po179', 'Po181', '56'
'fa16.3e18.7f75', 'Po179', 'Po181', '56'
'fa16.3e18.7f75', 'Po181', 'Po195', '56'
'fa16.3e18.7f75', 'Po181', 'Po195', '56'
'fa16.3e18.7f75', 'Po181', 'Po195', '56'
'fa16.3e18.7f75', 'Po181', 'Po195', '56'
'fa16.3e18.7f75', 'Po181', 'Po195', '56'
'fa16.3e18.7f75', 'Po181', 'Po195', '56'
'fa16.3e18.7f75', 'Po181', 'Po195', '56'
'fa16.3e18.7f75', 'Po181', 'Po195', '56'
'fa16.3e18.7f75', 'Po181', 'Po195', '56'
'fa16.3e18.7f75', 'Po181', 'Po195', '56'
'fa16.3e18.7f75', 'Po181', 'Po195', '56'
'fa16.3e18.7f75', 'Po181', 'Po195', '56'
'fa16.3e18.7f75', 'Po181', 'Po195', '56'
'fa16.3e18.7f75', 'Po181', 'Po195', '56'
'fa16.3e18.7f75', 'Po181', 'Po195', '56'
'fa16.3e18.7f75', 'Po181', 'Po195', '56'
'fa16.3e18.7f75', 'Po181', 'Po195', '56'
'fa16.3e18.7f75', 'Po181', 'Po195', '56'
'fa16.3e18.7f75', 'Po181', 'Po195', '56'
'fa16.3e18.7f75', 'Po181', 'Po195', '56'
'fa16.3e18.7f75', 'Po181', 'Po195', '56'
'fa16.3e18.7f75', 'Po181', 'Po195', '56'
'fa16.3e18.7f75', 'Po181', 'Po195', '56'
'fa16.3e18.7f75', 'Po181', 'Po195', '56'
'fa16.3e18.7f75', 'Po181', 'Po195', '56'
'fa16.3e18.7f75', 'Po181', 'Po195', '56'
'fa16.3e18.7f75', 'Po181', 'Po195', '56'
'fa16.3e18.7f75', 'Po181', 'Po195', '56'
'fa16.3e18.7f75', 'Po181', 'Po195', '56'
'fa16.3e18.7f75', 'Po181', 'Po195', '56'
'fa16.3e18.7f75', 'Po181', 'Po195', '56'
'fa16.3e18.7f75', 'Po181', 'Po195', '56'
'fa16.3e18.7f75', 'Po181', 'Po195', '56'
'fa16.3e18.7f75', 'Po181', 'Po195', '56'
'fa16.3e18.7f75', 'Po181', 'Po195', '56'
'fa16.3e18.7f75', 'Po181', 'Po195', '56'
'fa16.3e18.7f75', 'Po181', 'Po195', '56'
'fa16.3e18.7f75', 'Po181', 'Po195', '56'
'fa16.3e18.7f75', 'Po181', 'Po195', '56'
'fa16.3e18.7f75', 'Po181', 'Po195', '56'
'fa16.3e18.7f75', 'Po181', 'Po195', '56'
'fa16.3e18.7f75', 'Po181', 'Po195', '56'
'fa16.3e18.7f75', 'Po181', 'Po195', '56'
'fa16.3e18.7f75', 'Po181', 'Po195', '56'
'fa16.3e18.7f75', 'Po181', 'Po195', '56'
'fa16.3e18.7f75', 'Po181', 'Po195', '56'
'fa16.3e18.7f75', 'Po181', 'Po195', '56'
'fa16.3e18.7f75', 'Po181', 'Po195', '56'
'fa16.3e18.7f75', 'Po181', 'Po195', '56'
'fa16.3e18.7f75', 'Po181', 'Po195', '56'
'fa16.3e18.7f75', 'Po181', 'Po195', '56'
'fa16.3e18.7f75', 'Po181', 'Po195', '56'
'fa16.3e18.7f75', 'Po181', 'Po195', '56'
'fa16.3e18.7f75', 'Po181', 'Po195', '56'
'fa16.3e18.7f75', 'Po181', 'Po195', '56'
'fa16.3e18.7f75', 'Po181', 'Po195', '56'
'fa16.3e18.7f75', 'Po181', 'Po195', '56'
'fa16.3e18.7f75', 'Po181', 'Po195', '56'
'fa16.3e18.7f75', 'Po181', 'Po195', '56'
'fa16.3e18.7f75', 'Po181', 'Po195', '56'
'fa16.3e18.7f75', 'Po181', 'Po195', '56'
'fa16.3e18.7f75', 'Po181', 'Po195', '56'
'fa16.3e18.7f75', 'Po181', 'Po195', '56'
'fa16.3e18.7f75', 'Po181', 'Po195', '56'
'fa16.3e18.7f75', 'Po181', 'Po195', '56'
'fa16.3e18.7f75', 'Po181', 'Po195', '56'
'fa16.3e18.7f75', 'Po181', 'Po195', '56'
'fa16.3e18.7f75', 'Po181', 'Po195', '56'
'fa16.3e18.7f75', 'Po181', 'Po195', '56'
'fa16.3e18.7f75', 'Po181', 'Po195', '56'
'fa16.3e18.7f75', 'Po181', 'Po183', '56'
'fa16.3e18.7f75', 'Po181', 'Po183', '56'
'fa16.3eb8.dbe6', 'Po181', 'Po187', '54'
'fa16.3e18.7f75', 'Po181', 'Po183', '56'
'fa16.3e18.7f75', 'Po181', 'Po183', '56'
'fa16.3e18.7f75', 'Po181', 'Po183', '56'
'fa16.3e18.7f75', 'Po181', 'Po183', '56'
'fa16.3e18.7f75', 'Po181', 'Po183', '56'
'fa16.3e18.7f75', 'Po181', 'Po183', '56'
'fa16.3e18.7f75', 'Po181', 'Po183', '56'
'fa16.3e18.7f75', 'Po181', 'Po183', '56'
'fa16.3e18.7f75', 'Po181', 'Po195', '56'
'fa16.3e18.7f75', 'Po181', 'Po195', '56'
'fa16.3e63.1332', 'Po181', 'Po187', '57'
'fa16.3e30.c0d2', 'Po161', 'Po187', '55'
'fa16.3e7a.6cc6', 'Po161', 'Po195', '54'
'fa16.3e90.3a08', 'Po181', 'Po195', '56'
'fa16.3e05.fbf0', 'Po181', 'Po189', '54'
'fa16.3e44.0bce', 'Po181', 'Po187', '55'
'fa16.3e33.8176', 'Po155', 'Po183', '56'
'fa16.3e39.c166', 'Po181', 'Po189', '57'
'fa16.3e72.9150', 'Po155', 'Po185', '52'
'fa16.3e39.c166', 'Po181', 'Po189', '57'
'fa16.3e47.89a0', 'Po159', 'Po189', '56'
'fa16.3eed.bd3c', 'Po159', 'Po187', '54'
'fa16.3ea1.0ee8', 'Po179', 'Po187', '55'
'fa16.3e39.c166', 'Po181', 'Po189', '57'
'fa16.3e5d.dc94', 'Po181', 'Po189', '56'
'fa16.3e39.c166', 'Po181', 'Po189', '57'
'fa16.3e39.c166', 'Po181', 'Po189', '57'
'fa16.3e51.9a94', 'Po159', 'Po187', '54'
'fa16.3e2d.ec37', 'Po159', 'Po187', '56'
'fa16.3e39.c166', 'Po181', 'Po189', '57'
'fa16.3ea2.5e56', 'Po163', 'Po197', '56'
'fa16.3e39.c166', 'Po181', 'Po189', '57'
'fa16.3e51.b77a', 'Po163', 'Po187', '55'
'fa16.3eed.bd3c', 'Po159', 'Po187', '54'
'fa16.3e81.a4fa', 'Po183', 'Po195', '57'
'fa16.3e08.16a8', 'Po183', 'Po189', '54'
'fa16.3eb1.0e74', 'Po183', 'Po189', '56'
'fa16.3e02.b942', 'Po163', 'Po189', '56'
'fa16.3ea2.5e56', 'Po163', 'Po197', '56'
'fa16.3e2d.ec37', 'Po159', 'Po187', '56'